{"eval/loss": 6.949958801269531, "eval/runtime": 0.4978, "eval/samples_per_second": 8.035, "eval/steps_per_second": 2.009, "train/epoch": 5.0, "train/global_step": 20, "_timestamp": 1706071620.474219, "_runtime": 23.991794109344482, "_step": 6, "train/train_runtime": 23.499, "train/train_samples_per_second": 0.851, "train/train_steps_per_second": 0.851, "train/total_flos": 17278393767030.0, "train/train_loss": 7.540302276611328, "_wandb": {"runtime": 23}}