{"eval/loss": 7.345232009887695, "eval/runtime": 6.4641, "eval/samples_per_second": 7.735, "eval/steps_per_second": 1.083, "train/epoch": 1.0, "train/global_step": 50, "_timestamp": 1705634237.712972, "_runtime": 25.026739835739136, "_step": 1, "train/train_runtime": 30.9411, "train/train_samples_per_second": 1.616, "train/train_steps_per_second": 1.616, "train/total_flos": 47369297380284.0, "train/train_loss": 7.765814208984375, "_wandb": {"runtime": 24}}