{"train/loss": 7.1211, "train/learning_rate": 4.6905967100289796e-05, "train/epoch": 5.0, "train/global_step": 4555, "_timestamp": 1706085062.2587802, "_runtime": 1838.0930542945862, "_step": 15, "eval/loss": 7.196059226989746, "eval/runtime": 115.8533, "eval/samples_per_second": 8.657, "eval/steps_per_second": 1.088, "train/train_runtime": 1722.2514, "train/train_samples_per_second": 2.645, "train/train_steps_per_second": 2.645, "train/total_flos": 3301074623344410.0, "train/train_loss": 7.2267228596558555, "_wandb": {"runtime": 1837}}