{"eval/loss": 8.521831512451172, "eval/runtime": 0.4939, "eval/samples_per_second": 8.099, "eval/steps_per_second": 2.025, "train/epoch": 5.0, "train/global_step": 20, "_timestamp": 1706071520.916359, "_runtime": 21.56637191772461, "_step": 6, "train/train_runtime": 21.079, "train/train_samples_per_second": 0.949, "train/train_steps_per_second": 0.949, "train/total_flos": 17278393767030.0, "train/train_loss": 10.308502197265625, "_wandb": {"runtime": 21}}