{"eval/loss": 9.030842781066895, "eval/runtime": 0.4893, "eval/samples_per_second": 8.176, "eval/steps_per_second": 2.044, "train/epoch": 5.0, "train/global_step": 20, "_timestamp": 1706071488.589494, "_runtime": 25.42405891418457, "_step": 6, "train/train_runtime": 27.0269, "train/train_samples_per_second": 0.74, "train/train_steps_per_second": 0.74, "train/total_flos": 17278393767030.0, "train/train_loss": 10.236385345458984, "_wandb": {"runtime": 24}}