{"train/loss": 7.1359, "train/learning_rate": 8.858221106709153e-06, "train/epoch": 5.0, "train/global_step": 4555, "_timestamp": 1706109314.7767663, "_runtime": 1842.8172872066498, "_step": 15, "eval/loss": 7.218239784240723, "eval/runtime": 117.369, "eval/samples_per_second": 8.546, "eval/steps_per_second": 1.074, "train/train_runtime": 1725.4643, "train/train_samples_per_second": 2.64, "train/train_steps_per_second": 2.64, "train/total_flos": 3301074623344410.0, "train/train_loss": 7.254239437635068, "_wandb": {"runtime": 1842}}