{"train/loss": 2.6401, "train/learning_rate": 5.890715826996531e-06, "train/epoch": 20.0, "train/global_step": 18220, "_timestamp": 1706312091.0698006, "_runtime": 6767.281823635101, "_step": 57, "eval/loss": 3.018627405166626, "eval/runtime": 113.987, "eval/samples_per_second": 8.799, "eval/steps_per_second": 1.105, "train/train_runtime": 6653.3032, "train/train_samples_per_second": 2.738, "train/train_steps_per_second": 2.738, "train/total_flos": 1.320429849337764e+16, "train/train_loss": 3.577386370762512, "_wandb": {"runtime": 6766}}