{"eval/loss": 9.962440490722656, "eval/runtime": 0.4889, "eval/samples_per_second": 8.182, "eval/steps_per_second": 2.045, "train/epoch": 2.0, "train/global_step": 8, "_timestamp": 1706138043.619685, "_runtime": 11.131105899810791, "_step": 3, "train/train_runtime": 12.3489, "train/train_samples_per_second": 0.648, "train/train_steps_per_second": 0.648, "train/total_flos": 6911357506812.0, "train/train_loss": 12.946613311767578, "_wandb": {"runtime": 10}}