{"eval/loss": 10.337121963500977, "eval/runtime": 0.4675, "eval/samples_per_second": 8.557, "eval/steps_per_second": 2.139, "train/epoch": 1.0, "train/global_step": 4, "_timestamp": 1706066939.710284, "_runtime": 6.716983079910278, "_step": 3, "train/train_runtime": 6.254, "train/train_samples_per_second": 0.64, "train/train_steps_per_second": 0.64, "train/total_flos": 3455678753406.0, "train/train_loss": 15.517253875732422, "_wandb": {"runtime": 6}, "attention_probs_dropout_prob": 0.14367173689604865, "learning_rate": 0.012411132092506494, "weight_decay": 0.001521154261552653, "value": 10.337121963500977, "trial_number": 3}