{"train/loss": 2.1335, "train/learning_rate": 3.3827243824309237e-06, "train/epoch": 20.0, "train/global_step": 18220, "_timestamp": 1706236505.4641936, "_runtime": 7116.732946634293, "_step": 57, "eval/loss": 2.567970037460327, "eval/runtime": 119.7278, "eval/samples_per_second": 8.377, "eval/steps_per_second": 1.052, "train/train_runtime": 6997.0174, "train/train_samples_per_second": 2.604, "train/train_steps_per_second": 2.604, "train/total_flos": 1.320429849337764e+16, "train/train_loss": 3.0191626020111184, "_wandb": {"runtime": 7116}}