{"train/loss": 3.0395, "train/learning_rate": 3.4690091930164536e-06, "train/epoch": 5.0, "train/global_step": 4555, "_timestamp": 1706098076.6020987, "_runtime": 1863.7575206756592, "_step": 15, "eval/loss": 2.9332196712493896, "eval/runtime": 119.3916, "eval/samples_per_second": 8.401, "eval/steps_per_second": 1.055, "train/train_runtime": 1744.3711, "train/train_samples_per_second": 2.611, "train/train_steps_per_second": 2.611, "train/total_flos": 3301074623344410.0, "train/train_loss": 4.386852086022185, "_wandb": {"runtime": 1863}}