{"train/loss": 3.8181, "train/learning_rate": 4.617250138490875e-06, "train/epoch": 5.0, "train/global_step": 4555, "_timestamp": 1706075832.3165517, "_runtime": 1855.8453137874603, "_step": 15, "eval/loss": 3.475393056869507, "eval/runtime": 114.7357, "eval/samples_per_second": 8.742, "eval/steps_per_second": 1.098, "train/train_runtime": 1741.1258, "train/train_samples_per_second": 2.616, "train/train_steps_per_second": 2.616, "train/total_flos": 3301074623344410.0, "train/train_loss": 5.1618357720149985, "_wandb": {"runtime": 1855}}