{"train/loss": 7.1235, "train/learning_rate": 8.717940809656097e-06, "train/epoch": 5.0, "train/global_step": 4555, "_timestamp": 1706096204.5110767, "_runtime": 1852.0470836162567, "_step": 15, "eval/loss": 7.196442127227783, "eval/runtime": 117.747, "eval/samples_per_second": 8.518, "eval/steps_per_second": 1.07, "train/train_runtime": 1734.3048, "train/train_samples_per_second": 2.626, "train/train_steps_per_second": 2.626, "train/total_flos": 3301074623344410.0, "train/train_loss": 7.207165768536464, "_wandb": {"runtime": 1851}}