{"eval/loss": 16.027875900268555, "eval/runtime": 0.4651, "eval/samples_per_second": 8.601, "eval/steps_per_second": 2.15, "train/epoch": 1.0, "train/global_step": 4, "_timestamp": 1706066894.948568, "_runtime": 8.001917123794556, "_step": 2, "train/train_runtime": 8.6545, "train/train_samples_per_second": 0.462, "train/train_steps_per_second": 0.462, "train/total_flos": 3455678753406.0, "train/train_loss": 17.135887145996094, "_wandb": {"runtime": 7}}