{"train/loss": 2.0728, "train/learning_rate": 1.6355504917830815e-06, "train/epoch": 20.0, "train/global_step": 18220, "_timestamp": 1706291751.6096241, "_runtime": 6801.726637125015, "_step": 57, "eval/loss": 2.353174924850464, "eval/runtime": 114.0071, "eval/samples_per_second": 8.798, "eval/steps_per_second": 1.105, "train/train_runtime": 6687.7292, "train/train_samples_per_second": 2.724, "train/train_steps_per_second": 2.724, "train/total_flos": 1.320429849337764e+16, "train/train_loss": 2.953620439983749, "_wandb": {"runtime": 6801}}