{"eval/loss": 11.609042167663574, "eval/runtime": 0.3766, "eval/samples_per_second": 7.965, "eval/steps_per_second": 2.655, "train/epoch": 2.0, "train/global_step": 6, "_timestamp": 1706139528.1282842, "_runtime": 8.369466304779053, "_step": 3, "train/train_runtime": 8.0079, "train/train_samples_per_second": 0.749, "train/train_steps_per_second": 0.749, "train/total_flos": 4789408601340.0, "train/train_loss": 12.817184448242188, "_wandb": {"runtime": 7}}