{"train/loss": 7.085, "train/learning_rate": 8.03416072407127e-05, "train/epoch": 20.0, "train/global_step": 18220, "_timestamp": 1706167567.3454084, "_runtime": 6760.9247534275055, "_step": 57, "eval/loss": 7.191709041595459, "eval/runtime": 113.2245, "eval/samples_per_second": 8.859, "eval/steps_per_second": 1.113, "train/train_runtime": 6647.7076, "train/train_samples_per_second": 2.741, "train/train_steps_per_second": 2.741, "train/total_flos": 1.320429849337764e+16, "train/train_loss": 7.149622332408582, "_wandb": {"runtime": 6760}}