{"train/loss": 4.9802, "train/learning_rate": 6.789417399695175e-07, "train/epoch": 5.0, "train/global_step": 4555, "_timestamp": 1706120480.101177, "_runtime": 1840.9735970497131, "_step": 15, "eval/loss": 4.948085308074951, "eval/runtime": 114.8532, "eval/samples_per_second": 8.733, "eval/steps_per_second": 1.097, "train/train_runtime": 1726.1409, "train/train_samples_per_second": 2.639, "train/train_steps_per_second": 2.639, "train/total_flos": 3301074623344410.0, "train/train_loss": 5.221566648514682, "_wandb": {"runtime": 1840}}