{"eval/loss": 6.915133953094482, "eval/runtime": 0.4932, "eval/samples_per_second": 8.11, "eval/steps_per_second": 2.028, "train/epoch": 2.0, "train/global_step": 8, "_timestamp": 1706138233.7089055, "_runtime": 13.63079833984375, "_step": 3, "train/train_runtime": 13.1556, "train/train_samples_per_second": 0.608, "train/train_steps_per_second": 0.608, "train/total_flos": 6911357506812.0, "train/train_loss": 7.331000804901123, "_wandb": {"runtime": 13}}