{"eval/loss": 6.699861526489258, "eval/runtime": 0.4964, "eval/samples_per_second": 8.059, "eval/steps_per_second": 2.015, "train/epoch": 2.0, "train/global_step": 8, "_timestamp": 1706138301.2329626, "_runtime": 13.357828617095947, "_step": 4, "train/train_runtime": 12.8686, "train/train_samples_per_second": 0.622, "train/train_steps_per_second": 0.622, "train/total_flos": 6911357506812.0, "train/train_loss": 6.7416229248046875, "_wandb": {"runtime": 12}, "attention_probs_dropout_prob": 0.010244513053206493, "learning_rate": 0.00013652372034133963, "weight_decay": 0.0028328276275232794, "value": 6.699861526489258, "trial_number": 4}