{"eval/loss": 8.822362899780273, "eval/runtime": 0.378, "eval/samples_per_second": 7.937, "eval/steps_per_second": 2.646, "train/epoch": 2.0, "train/global_step": 6, "_timestamp": 1706139545.3299997, "_runtime": 8.208438634872437, "_step": 3, "train/train_runtime": 7.8451, "train/train_samples_per_second": 0.765, "train/train_steps_per_second": 0.765, "train/total_flos": 4789408601340.0, "train/train_loss": 9.90144157409668, "_wandb": {"runtime": 7}}