{"eval/loss": 6.678558826446533, "eval/runtime": 0.4761, "eval/samples_per_second": 8.401, "eval/steps_per_second": 2.1, "train/epoch": 1.0, "train/global_step": 4, "_timestamp": 1706064441.830499, "_runtime": 28.90166187286377, "_step": 11, "train/train_runtime": 6.1805, "train/train_samples_per_second": 0.647, "train/train_steps_per_second": 0.647, "train/total_flos": 3455678753406.0, "train/train_loss": 6.809250354766846, "_wandb": {"runtime": 88}}