{"eval/loss": 7.591315746307373, "eval/runtime": 0.4729, "eval/samples_per_second": 8.459, "eval/steps_per_second": 2.115, "train/epoch": 1.0, "train/global_step": 4, "_timestamp": 1706057463.4521751, "_runtime": 6.944951057434082, "_step": 1, "train/train_runtime": 8.3725, "train/train_samples_per_second": 0.478, "train/train_steps_per_second": 0.478, "train/total_flos": 3455678753406.0, "train/train_loss": 8.500364303588867, "_wandb": {"runtime": 7}}