{"eval/loss": 6.522679805755615, "eval/runtime": 0.5019, "eval/samples_per_second": 7.969, "eval/steps_per_second": 1.992, "train/epoch": 5.0, "train/global_step": 20, "_timestamp": 1706071721.8791387, "_runtime": 21.489466667175293, "_step": 7, "train/train_runtime": 20.9976, "train/train_samples_per_second": 0.952, "train/train_steps_per_second": 0.952, "train/total_flos": 17278393767030.0, "train/train_loss": 6.423671722412109, "_wandb": {"runtime": 21}, "attention_probs_dropout_prob": 0.19623761761218947, "learning_rate": 8.920056864926335e-05, "weight_decay": 0.002628518958489032, "value": 6.522679805755615, "trial_number": 7}