{"train/loss": 2.6056, "train/learning_rate": 7.168568304707596e-07, "train/epoch": 20.0, "train/global_step": 18220, "_timestamp": 1706222250.9922807, "_runtime": 7132.479528665543, "_step": 57, "eval/loss": 2.609375, "eval/runtime": 119.8907, "eval/samples_per_second": 8.366, "eval/steps_per_second": 1.051, "train/train_runtime": 7012.5971, "train/train_samples_per_second": 2.598, "train/train_steps_per_second": 2.598, "train/total_flos": 1.320429849337764e+16, "train/train_loss": 3.5590535269610575, "_wandb": {"runtime": 7131}}