{"eval/loss": 6.739958763122559, "eval/runtime": 0.4726, "eval/samples_per_second": 8.464, "eval/steps_per_second": 2.116, "train/epoch": 1.0, "train/global_step": 4, "_timestamp": 1706066360.1057565, "_runtime": 31.411698579788208, "_step": 11, "train/train_runtime": 5.2525, "train/train_samples_per_second": 0.762, "train/train_steps_per_second": 0.762, "train/total_flos": 3455678753406.0, "train/train_loss": 6.904328346252441, "_wandb": {"runtime": 91}}