{"train/loss": 2.2173, "train/learning_rate": 1.086669216912256e-06, "train/epoch": 20.0, "train/global_step": 18220, "_timestamp": 1706215110.5948749, "_runtime": 7072.6528289318085, "_step": 57, "eval/loss": 2.3875155448913574, "eval/runtime": 119.1671, "eval/samples_per_second": 8.417, "eval/steps_per_second": 1.057, "train/train_runtime": 6953.49, "train/train_samples_per_second": 2.62, "train/train_steps_per_second": 2.62, "train/total_flos": 1.320429849337764e+16, "train/train_loss": 3.1631888715155694, "_wandb": {"runtime": 7072}}