{"eval/loss": 9.879105567932129, "eval/runtime": 0.3725, "eval/samples_per_second": 8.054, "eval/steps_per_second": 2.685, "train/epoch": 2.0, "train/global_step": 6, "_timestamp": 1706139236.3944044, "_runtime": 10.52694845199585, "_step": 3, "train/train_runtime": 11.8698, "train/train_samples_per_second": 0.505, "train/train_steps_per_second": 0.505, "train/total_flos": 4789408601340.0, "train/train_loss": 12.126834869384766, "_wandb": {"runtime": 10}}