{"train/loss": 4.4896, "train/learning_rate": 7.745725997769822e-07, "train/epoch": 5.0, "train/global_step": 4555, "_timestamp": 1706122345.6108341, "_runtime": 1856.813912153244, "_step": 15, "eval/loss": 4.727160930633545, "eval/runtime": 119.0191, "eval/samples_per_second": 8.427, "eval/steps_per_second": 1.059, "train/train_runtime": 1737.8005, "train/train_samples_per_second": 2.621, "train/train_steps_per_second": 2.621, "train/total_flos": 3301074623344410.0, "train/train_loss": 4.784050997787459, "_wandb": {"runtime": 1856}}