{"train/loss": 5.6887, "train/learning_rate": 8.628139930215537e-05, "train/epoch": 1.0, "train/global_step": 911, "_timestamp": 1706068902.4201753, "_runtime": 448.4788682460785, "_step": 3, "eval/loss": 5.185588359832764, "eval/runtime": 114.1965, "eval/samples_per_second": 8.783, "eval/steps_per_second": 1.103, "train/train_runtime": 335.6043, "train/train_samples_per_second": 2.715, "train/train_steps_per_second": 2.715, "train/total_flos": 660214924668882.0, "train/train_loss": 5.473915811951152, "_wandb": {"runtime": 448}}