{"train/loss": 7.124, "train/learning_rate": 8.678562955018609e-05, "train/epoch": 5.0, "train/global_step": 4555, "_timestamp": 1706081373.2167418, "_runtime": 1830.490485906601, "_step": 15, "eval/loss": 7.197333812713623, "eval/runtime": 113.3816, "eval/samples_per_second": 8.846, "eval/steps_per_second": 1.111, "train/train_runtime": 1717.1282, "train/train_samples_per_second": 2.653, "train/train_steps_per_second": 2.653, "train/total_flos": 3301074623344410.0, "train/train_loss": 7.233820551548779, "_wandb": {"runtime": 1830}}