{"train/loss": 7.1186, "train/learning_rate": 1.6125603105002678e-05, "train/epoch": 5.0, "train/global_step": 4555, "_timestamp": 1706111167.0154653, "_runtime": 1842.5411322116852, "_step": 15, "eval/loss": 7.194047927856445, "eval/runtime": 118.3877, "eval/samples_per_second": 8.472, "eval/steps_per_second": 1.064, "train/train_runtime": 1724.1635, "train/train_samples_per_second": 2.642, "train/train_steps_per_second": 2.642, "train/total_flos": 3301074623344410.0, "train/train_loss": 7.210353264248593, "_wandb": {"runtime": 1842}}