{"eval/loss": 6.685028553009033, "eval/runtime": 0.4951, "eval/samples_per_second": 8.079, "eval/steps_per_second": 2.02, "train/epoch": 2.0, "train/global_step": 8, "_timestamp": 1706138211.4541657, "_runtime": 8.662805795669556, "_step": 3, "train/train_runtime": 8.1724, "train/train_samples_per_second": 0.979, "train/train_steps_per_second": 0.979, "train/total_flos": 6911357506812.0, "train/train_loss": 6.749232292175293, "_wandb": {"runtime": 8}}