{"train/loss": 7.0805, "train/learning_rate": 3.5180099337954216e-05, "train/epoch": 20.0, "train/global_step": 18220, "_timestamp": 1706810317.8344793, "_runtime": 6731.3673593997955, "_step": 57, "eval/loss": 7.185142993927002, "eval/runtime": 112.5767, "eval/samples_per_second": 8.909, "eval/steps_per_second": 1.119, "train/train_runtime": 6620.1808, "train/train_samples_per_second": 2.752, "train/train_steps_per_second": 2.752, "train/total_flos": 1.320429849337764e+16, "train/train_loss": 7.120509989934224, "_wandb": {"runtime": 6730}}