{"eval/loss": 7.3228583335876465, "eval/runtime": 0.3772, "eval/samples_per_second": 7.952, "eval/steps_per_second": 2.651, "train/epoch": 2.0, "train/global_step": 6, "_timestamp": 1706139377.7309506, "_runtime": 7.5785815715789795, "_step": 3, "train/train_runtime": 7.2112, "train/train_samples_per_second": 0.832, "train/train_steps_per_second": 0.832, "train/total_flos": 4789408601340.0, "train/train_loss": 7.159987131754558, "_wandb": {"runtime": 7}}