{"train/loss": 7.0796, "train/learning_rate": 2.43558720238087e-05, "train/epoch": 20.0, "train/global_step": 18220, "_timestamp": 1706777150.7345185, "_runtime": 6755.94585442543, "_step": 57, "eval/loss": 7.181735515594482, "eval/runtime": 113.0503, "eval/samples_per_second": 8.872, "eval/steps_per_second": 1.115, "train/train_runtime": 6642.9038, "train/train_samples_per_second": 2.743, "train/train_steps_per_second": 2.743, "train/total_flos": 1.320429849337764e+16, "train/train_loss": 7.110797340233947, "_wandb": {"runtime": 6750}}