{"eval/loss": 7.5511908531188965, "eval/runtime": 0.8535, "eval/samples_per_second": 4.687, "eval/steps_per_second": 1.172, "train/epoch": 1.0, "train/global_step": 4, "_timestamp": 1705789896.7449517, "_runtime": 5.362504720687866, "_step": 1, "train/train_runtime": 11.2082, "train/train_samples_per_second": 0.357, "train/train_steps_per_second": 0.357, "train/total_flos": 3455678753406.0, "train/train_loss": 8.403707504272461, "_wandb": {"runtime": 64}}