{"train/loss": 2.1562, "train/learning_rate": 1.8444917056631725e-06, "train/epoch": 20.0, "train/global_step": 18220, "_timestamp": 1706878041.8396113, "_runtime": 6759.119193315506, "_step": 57, "eval/loss": 2.3844144344329834, "eval/runtime": 114.0011, "eval/samples_per_second": 8.798, "eval/steps_per_second": 1.105, "train/train_runtime": 6645.1264, "train/train_samples_per_second": 2.742, "train/train_steps_per_second": 2.742, "train/total_flos": 1.320429849337764e+16, "train/train_loss": 3.0524161513628996, "_wandb": {"runtime": 6758}}