{"train/loss": 2.7029, "train/learning_rate": 6.544165299354229e-07, "train/epoch": 20.0, "train/global_step": 18220, "_timestamp": 1706264507.7351637, "_runtime": 6847.487736701965, "_step": 57, "eval/loss": 2.702866315841675, "eval/runtime": 114.2216, "eval/samples_per_second": 8.781, "eval/steps_per_second": 1.103, "train/train_runtime": 6733.2729, "train/train_samples_per_second": 2.706, "train/train_steps_per_second": 2.706, "train/total_flos": 1.320429849337764e+16, "train/train_loss": 3.622517828831427, "_wandb": {"runtime": 6847}}