{"train/loss": 5.3207, "train/learning_rate": 3.3862330916575834e-05, "train/epoch": 1.0, "train/global_step": 911, "_timestamp": 1706069362.2551832, "_runtime": 451.6203112602234, "_step": 3, "eval/loss": 5.0679168701171875, "eval/runtime": 114.3414, "eval/samples_per_second": 8.772, "eval/steps_per_second": 1.102, "train/train_runtime": 337.3194, "train/train_samples_per_second": 2.701, "train/train_steps_per_second": 2.701, "train/total_flos": 660214924668882.0, "train/train_loss": 5.166161010608191, "_wandb": {"runtime": 451}}