{"eval/loss": 6.8197760581970215, "eval/runtime": 0.3831, "eval/samples_per_second": 7.831, "eval/steps_per_second": 2.61, "train/epoch": 2.0, "train/global_step": 6, "_timestamp": 1706139566.1490464, "_runtime": 7.892879486083984, "_step": 4, "train/train_runtime": 7.5097, "train/train_samples_per_second": 0.799, "train/train_steps_per_second": 0.799, "train/total_flos": 4789408601340.0, "train/train_loss": 6.840787887573242, "_wandb": {"runtime": 7}, "attention_probs_dropout_prob": 0.09884607399180255, "learning_rate": 0.00014038025315418656, "weight_decay": 0.005007519573394214, "value": 6.8197760581970215, "trial_number": 4}