{"train/loss": 4.0756, "train/learning_rate": 2.1316593008976284e-06, "train/epoch": 5.0, "train/global_step": 4555, "_timestamp": 1706124221.8512166, "_runtime": 1868.381918668747, "_step": 15, "eval/loss": 3.9247279167175293, "eval/runtime": 118.4419, "eval/samples_per_second": 8.468, "eval/steps_per_second": 1.064, "train/train_runtime": 1749.9558, "train/train_samples_per_second": 2.603, "train/train_steps_per_second": 2.603, "train/total_flos": 3301074623344410.0, "train/train_loss": 4.893832079220551, "_wandb": {"runtime": 1867}}