{"train/loss": 7.1527, "train/learning_rate": 0.00040405643964349383, "train/epoch": 5.0, "train/global_step": 4555, "_timestamp": 1706077674.137685, "_runtime": 1831.9765980243683, "_step": 15, "eval/loss": 7.2132415771484375, "eval/runtime": 117.7223, "eval/samples_per_second": 8.52, "eval/steps_per_second": 1.07, "train/train_runtime": 1714.2668, "train/train_samples_per_second": 2.657, "train/train_steps_per_second": 2.657, "train/total_flos": 3301074623344410.0, "train/train_loss": 7.460781227220688, "_wandb": {"runtime": 1831}}