{"train/loss": 7.5765, "train/learning_rate": 0.0020085697897801497, "train/epoch": 1.0, "train/global_step": 911, "_timestamp": 1706069825.6431885, "_runtime": 455.3003225326538, "_step": 3, "eval/loss": 7.24675178527832, "eval/runtime": 115.4025, "eval/samples_per_second": 8.691, "eval/steps_per_second": 1.092, "train/train_runtime": 339.9073, "train/train_samples_per_second": 2.68, "train/train_steps_per_second": 2.68, "train/total_flos": 660214924668882.0, "train/train_loss": 7.433191494151345, "_wandb": {"runtime": 454}}