{"train/loss": 2.658, "train/learning_rate": 5.0777038195837295e-06, "train/epoch": 20.0, "train/global_step": 18220, "_timestamp": 1706823917.5984147, "_runtime": 6799.828427553177, "_step": 57, "eval/loss": 2.9332306385040283, "eval/runtime": 114.1289, "eval/samples_per_second": 8.788, "eval/steps_per_second": 1.104, "train/train_runtime": 6685.7076, "train/train_samples_per_second": 2.725, "train/train_steps_per_second": 2.725, "train/total_flos": 1.320429849337764e+16, "train/train_loss": 3.5904821871140915, "_wandb": {"runtime": 6799}}