{"eval/loss": 8.257715225219727, "eval/runtime": 0.4999, "eval/samples_per_second": 8.002, "eval/steps_per_second": 2.0, "train/epoch": 5.0, "train/global_step": 20, "_timestamp": 1706071553.5307186, "_runtime": 21.869130611419678, "_step": 6, "train/train_runtime": 21.3807, "train/train_samples_per_second": 0.935, "train/train_steps_per_second": 0.935, "train/total_flos": 17278393767030.0, "train/train_loss": 10.081842041015625, "_wandb": {"runtime": 21}}