{"train/loss": 2.0704, "train/learning_rate": 2.7778877010608503e-06, "train/epoch": 20.0, "train/global_step": 18220, "_timestamp": 1706305315.820972, "_runtime": 6775.3203020095825, "_step": 57, "eval/loss": 2.476064443588257, "eval/runtime": 114.0328, "eval/samples_per_second": 8.796, "eval/steps_per_second": 1.105, "train/train_runtime": 6661.2961, "train/train_samples_per_second": 2.735, "train/train_steps_per_second": 2.735, "train/total_flos": 1.320429849337764e+16, "train/train_loss": 2.944468050809121, "_wandb": {"runtime": 6774}}