{"train/loss": 2.1377, "train/learning_rate": 1.8624891355504681e-06, "train/epoch": 20.0, "train/global_step": 18220, "_timestamp": 1706884828.608329, "_runtime": 6778.379644155502, "_step": 57, "eval/loss": 2.3776931762695312, "eval/runtime": 114.1236, "eval/samples_per_second": 8.789, "eval/steps_per_second": 1.104, "train/train_runtime": 6664.2642, "train/train_samples_per_second": 2.734, "train/train_steps_per_second": 2.734, "train/total_flos": 1.320429849337764e+16, "train/train_loss": 3.0287377433902476, "_wandb": {"runtime": 6777}}