{"train/loss": 7.1189, "train/learning_rate": 1.852932498510702e-05, "train/epoch": 5.0, "train/global_step": 4555, "_timestamp": 1706099935.7188156, "_runtime": 1847.9877185821533, "_step": 15, "eval/loss": 7.196730136871338, "eval/runtime": 117.5665, "eval/samples_per_second": 8.531, "eval/steps_per_second": 1.072, "train/train_runtime": 1730.4351, "train/train_samples_per_second": 2.632, "train/train_steps_per_second": 2.632, "train/total_flos": 3301074623344410.0, "train/train_loss": 7.200109260299465, "_wandb": {"runtime": 1847}}