{"eval/loss": 6.4433722496032715, "eval/runtime": 0.5034, "eval/samples_per_second": 7.945, "eval/steps_per_second": 1.986, "train/epoch": 5.0, "train/global_step": 20, "_timestamp": 1706135624.234457, "_runtime": 28.8537700176239, "_step": 6, "train/train_runtime": 30.3967, "train/train_samples_per_second": 0.658, "train/train_steps_per_second": 0.658, "train/total_flos": 17278393767030.0, "train/train_loss": 6.321496963500977, "_wandb": {"runtime": 28}}