{"train/loss": 7.1264, "train/learning_rate": 0.00012486359422594554, "train/epoch": 5.0, "train/global_step": 4555, "_timestamp": 1706090630.6265562, "_runtime": 1839.522164106369, "_step": 15, "eval/loss": 7.198370456695557, "eval/runtime": 117.8069, "eval/samples_per_second": 8.514, "eval/steps_per_second": 1.07, "train/train_runtime": 1721.7262, "train/train_samples_per_second": 2.646, "train/train_steps_per_second": 2.646, "train/total_flos": 3301074623344410.0, "train/train_loss": 7.248180777155084, "_wandb": {"runtime": 1839}}