{"eval/loss": 7.640887260437012, "eval/runtime": 0.5003, "eval/samples_per_second": 7.995, "eval/steps_per_second": 1.999, "train/epoch": 5.0, "train/global_step": 20, "_timestamp": 1706137113.750971, "_runtime": 21.835000038146973, "_step": 6, "train/train_runtime": 21.3342, "train/train_samples_per_second": 0.937, "train/train_steps_per_second": 0.937, "train/total_flos": 17278393767030.0, "train/train_loss": 8.074844360351562, "_wandb": {"runtime": 21}}