{"eval/loss": 6.502819538116455, "eval/runtime": 0.5006, "eval/samples_per_second": 7.991, "eval/steps_per_second": 1.998, "train/epoch": 5.0, "train/global_step": 20, "_timestamp": 1706071654.4451497, "_runtime": 23.146262645721436, "_step": 6, "train/train_runtime": 22.6574, "train/train_samples_per_second": 0.883, "train/train_steps_per_second": 0.883, "train/total_flos": 17278393767030.0, "train/train_loss": 6.436528015136719, "_wandb": {"runtime": 22}}