{"eval/loss": 28.78046989440918, "eval/runtime": 0.4663, "eval/samples_per_second": 8.579, "eval/steps_per_second": 2.145, "train/epoch": 1.0, "train/global_step": 4, "_timestamp": 1706066923.0888565, "_runtime": 7.020605564117432, "_step": 2, "train/train_runtime": 6.5627, "train/train_samples_per_second": 0.61, "train/train_steps_per_second": 0.61, "train/total_flos": 3455678753406.0, "train/train_loss": 14.819948196411133, "_wandb": {"runtime": 6}}