{"train/loss": 7.08, "train/learning_rate": 2.9706840706576427e-05, "train/epoch": 20.0, "train/global_step": 18220, "_timestamp": 1706783917.9342272, "_runtime": 6758.933121204376, "_step": 57, "eval/loss": 7.183028221130371, "eval/runtime": 113.0331, "eval/samples_per_second": 8.874, "eval/steps_per_second": 1.115, "train/train_runtime": 6645.9083, "train/train_samples_per_second": 2.742, "train/train_steps_per_second": 2.742, "train/total_flos": 1.320429849337764e+16, "train/train_loss": 7.114900751878087, "_wandb": {"runtime": 6758}}