{"train/loss": 7.0794, "train/learning_rate": 2.4601386601504265e-05, "train/epoch": 20.0, "train/global_step": 18220, "_timestamp": 1706797404.6881952, "_runtime": 6737.059913158417, "_step": 57, "eval/loss": 7.181059837341309, "eval/runtime": 112.7012, "eval/samples_per_second": 8.9, "eval/steps_per_second": 1.118, "train/train_runtime": 6624.3665, "train/train_samples_per_second": 2.75, "train/train_steps_per_second": 2.75, "train/total_flos": 1.320429849337764e+16, "train/train_loss": 7.116218615468064, "_wandb": {"runtime": 6736}}