{"eval/loss": 7.469926357269287, "eval/runtime": 0.471, "eval/samples_per_second": 8.493, "eval/steps_per_second": 2.123, "train/epoch": 1.0, "train/global_step": 4, "_timestamp": 1706028511.712635, "_runtime": 5.485821008682251, "_step": 1, "train/train_runtime": 6.9769, "train/train_samples_per_second": 0.573, "train/train_steps_per_second": 0.573, "train/total_flos": 3455678753406.0, "train/train_loss": 8.156051635742188, "_wandb": {"runtime": 5}}