{"train/loss": 2.0663, "train/learning_rate": 1.6827871413627589e-06, "train/epoch": 20.0, "train/global_step": 18220, "_timestamp": 1706278154.8192587, "_runtime": 6803.904769659042, "_step": 57, "eval/loss": 2.35745906829834, "eval/runtime": 114.1467, "eval/samples_per_second": 8.787, "eval/steps_per_second": 1.104, "train/train_runtime": 6689.7664, "train/train_samples_per_second": 2.724, "train/train_steps_per_second": 2.724, "train/total_flos": 1.320429849337764e+16, "train/train_loss": 2.9467815043243175, "_wandb": {"runtime": 6803}}