{"eval/loss": 9.924188613891602, "eval/runtime": 0.4994, "eval/samples_per_second": 8.01, "eval/steps_per_second": 2.003, "train/epoch": 2.0, "train/global_step": 8, "_timestamp": 1706138279.6941075, "_runtime": 13.518632650375366, "_step": 3, "train/train_runtime": 13.0243, "train/train_samples_per_second": 0.614, "train/train_steps_per_second": 0.614, "train/total_flos": 6911357506812.0, "train/train_loss": 12.201583862304688, "_wandb": {"runtime": 13}}