{"train/loss": 3.6611, "train/learning_rate": 1.0139016964248639e-05, "train/epoch": 20.0, "train/global_step": 18220, "_timestamp": 1706837460.463146, "_runtime": 6759.712677955627, "_step": 57, "eval/loss": 4.1350860595703125, "eval/runtime": 113.5623, "eval/samples_per_second": 8.832, "eval/steps_per_second": 1.11, "train/train_runtime": 6646.1589, "train/train_samples_per_second": 2.741, "train/train_steps_per_second": 2.741, "train/total_flos": 1.320429849337764e+16, "train/train_loss": 4.544238931130368, "_wandb": {"runtime": 6759}}