{"eval/loss": 10.517068862915039, "eval/runtime": 0.4965, "eval/samples_per_second": 8.056, "eval/steps_per_second": 2.014, "train/epoch": 2.0, "train/global_step": 8, "_timestamp": 1706138088.6926212, "_runtime": 13.11047625541687, "_step": 3, "train/train_runtime": 12.6248, "train/train_samples_per_second": 0.634, "train/train_steps_per_second": 0.634, "train/total_flos": 6911357506812.0, "train/train_loss": 11.30431079864502, "_wandb": {"runtime": 12}}