{"eval/loss": 7.878855228424072, "eval/runtime": 0.4739, "eval/samples_per_second": 8.44, "eval/steps_per_second": 2.11, "train/epoch": 1.0, "train/global_step": 4, "_timestamp": 1706028639.4136958, "_runtime": 7.802818775177002, "_step": 1, "train/train_runtime": 9.2905, "train/train_samples_per_second": 0.431, "train/train_steps_per_second": 0.431, "train/total_flos": 3455678753406.0, "train/train_loss": 9.24988079071045, "_wandb": {"runtime": 7}}