{"eval/loss": 10.736603736877441, "eval/runtime": 0.9399, "eval/samples_per_second": 4.256, "eval/steps_per_second": 1.064, "train/epoch": 1.0, "train/global_step": 4, "_timestamp": 1706040017.4849284, "_runtime": 8.674751281738281, "_step": 1, "train/train_runtime": 10.1436, "train/train_samples_per_second": 0.394, "train/train_steps_per_second": 0.394, "train/total_flos": 3455678753406.0, "train/train_loss": 11.982095718383789, "_wandb": {"runtime": 8}}