{"train/loss": 4.3772, "train/learning_rate": 1.782394832453464e-06, "train/epoch": 5.0, "train/global_step": 4555, "_timestamp": 1706086924.1092422, "_runtime": 1853.8970611095428, "_step": 15, "eval/loss": 4.382473468780518, "eval/runtime": 118.8015, "eval/samples_per_second": 8.443, "eval/steps_per_second": 1.061, "train/train_runtime": 1735.1001, "train/train_samples_per_second": 2.625, "train/train_steps_per_second": 2.625, "train/total_flos": 3301074623344410.0, "train/train_loss": 4.945410504639476, "_wandb": {"runtime": 1849}}