{"train/loss": 7.0783, "train/learning_rate": 1.2122274430510546e-05, "train/epoch": 20.0, "train/global_step": 18220, "_timestamp": 1706160796.0946238, "_runtime": 6972.37601184845, "_step": 57, "eval/loss": 6.9368977546691895, "eval/runtime": 114.2734, "eval/samples_per_second": 8.777, "eval/steps_per_second": 1.103, "train/train_runtime": 6858.1075, "train/train_samples_per_second": 2.657, "train/train_steps_per_second": 2.657, "train/total_flos": 1.320429849337764e+16, "train/train_loss": 7.076914748559275, "_wandb": {"runtime": 6971}}