{"train/loss": 7.1292, "train/learning_rate": 0.0001555787156378842, "train/epoch": 5.0, "train/global_step": 4555, "_timestamp": 1706118627.3735187, "_runtime": 1844.434829711914, "_step": 15, "eval/loss": 7.199988842010498, "eval/runtime": 113.3587, "eval/samples_per_second": 8.848, "eval/steps_per_second": 1.112, "train/train_runtime": 1731.0945, "train/train_samples_per_second": 2.631, "train/train_steps_per_second": 2.631, "train/total_flos": 3301074623344410.0, "train/train_loss": 7.266178195589068, "_wandb": {"runtime": 1841}}