{"train/loss": 2.7427, "train/learning_rate": 6.390450729589488e-06, "train/epoch": 20.0, "train/global_step": 18220, "_timestamp": 1706271344.6353076, "_runtime": 6828.123994588852, "_step": 57, "eval/loss": 3.117539167404175, "eval/runtime": 114.4883, "eval/samples_per_second": 8.761, "eval/steps_per_second": 1.101, "train/train_runtime": 6713.6451, "train/train_samples_per_second": 2.714, "train/train_steps_per_second": 2.714, "train/total_flos": 1.320429849337764e+16, "train/train_loss": 3.6887644896522964, "_wandb": {"runtime": 6827}}