{"train/loss": 7.1371, "train/learning_rate": 8.278195378795088e-06, "train/epoch": 5.0, "train/global_step": 4555, "_timestamp": 1706101840.965415, "_runtime": 1833.7886230945587, "_step": 15, "eval/loss": 7.219515323638916, "eval/runtime": 116.5564, "eval/samples_per_second": 8.605, "eval/steps_per_second": 1.081, "train/train_runtime": 1717.2435, "train/train_samples_per_second": 2.653, "train/train_steps_per_second": 2.653, "train/total_flos": 3301074623344410.0, "train/train_loss": 7.259178896923881, "_wandb": {"runtime": 1833}}