{"train/loss": 7.1056, "train/learning_rate": 0.000565252751940967, "train/epoch": 20.0, "train/global_step": 18220, "_timestamp": 1706146740.1052074, "_runtime": 7016.454671382904, "_step": 57, "eval/loss": 7.213324069976807, "eval/runtime": 113.5476, "eval/samples_per_second": 8.833, "eval/steps_per_second": 1.11, "train/train_runtime": 6904.6051, "train/train_samples_per_second": 2.639, "train/train_steps_per_second": 2.639, "train/total_flos": 1.320429849337764e+16, "train/train_loss": 7.365258990056429, "_wandb": {"runtime": 7016}}