{"train/loss": 2.1519, "train/learning_rate": 2.1086710895328217e-06, "train/epoch": 20.0, "train/global_step": 18220, "_timestamp": 1706770387.5586977, "_runtime": 6782.1565117836, "_step": 57, "eval/loss": 2.3988683223724365, "eval/runtime": 114.2847, "eval/samples_per_second": 8.776, "eval/steps_per_second": 1.103, "train/train_runtime": 6667.8802, "train/train_samples_per_second": 2.733, "train/train_steps_per_second": 2.733, "train/total_flos": 1.320429849337764e+16, "train/train_loss": 3.0389053009736684, "_wandb": {"runtime": 6781}}