{"train/loss": 4.1754, "train/learning_rate": 1.615229187045243e-06, "train/epoch": 5.0, "train/global_step": 4555, "_timestamp": 1706088784.1986847, "_runtime": 1851.2006947994232, "_step": 15, "eval/loss": 4.23667573928833, "eval/runtime": 116.6475, "eval/samples_per_second": 8.599, "eval/steps_per_second": 1.08, "train/train_runtime": 1734.5646, "train/train_samples_per_second": 2.626, "train/train_steps_per_second": 2.626, "train/total_flos": 3301074623344410.0, "train/train_loss": 4.774549840598415, "_wandb": {"runtime": 1850}}