{"train/loss": 7.1254, "train/learning_rate": 7.057708668905044e-06, "train/epoch": 5.0, "train/global_step": 4555, "_timestamp": 1706103700.7565982, "_runtime": 1848.8550763130188, "_step": 15, "eval/loss": 7.197720527648926, "eval/runtime": 116.9218, "eval/samples_per_second": 8.578, "eval/steps_per_second": 1.078, "train/train_runtime": 1731.939, "train/train_samples_per_second": 2.63, "train/train_steps_per_second": 2.63, "train/total_flos": 3301074623344410.0, "train/train_loss": 7.207173567100885, "_wandb": {"runtime": 1848}}