{"eval/loss": 12.027030944824219, "eval/runtime": 0.4677, "eval/samples_per_second": 8.552, "eval/steps_per_second": 2.138, "train/epoch": 1.0, "train/global_step": 4, "_timestamp": 1706065483.4445865, "_runtime": 31.18439245223999, "_step": 11, "train/train_runtime": 5.4972, "train/train_samples_per_second": 0.728, "train/train_steps_per_second": 0.728, "train/total_flos": 3455678753406.0, "train/train_loss": 16.58507537841797, "_wandb": {"runtime": 90}}