{"eval/loss": 6.576288223266602, "eval/runtime": 0.4725, "eval/samples_per_second": 8.465, "eval/steps_per_second": 2.116, "train/epoch": 1.0, "train/global_step": 4, "_timestamp": 1705942757.345112, "_runtime": 5.617586135864258, "_step": 1, "train/train_runtime": 6.8046, "train/train_samples_per_second": 0.588, "train/train_steps_per_second": 0.588, "train/total_flos": 3455678753406.0, "train/train_loss": 6.69017219543457, "_wandb": {"runtime": 5}}