{"train/loss": 2.6908, "train/learning_rate": 5.252129452186996e-06, "train/epoch": 20.0, "train/global_step": 18220, "_timestamp": 1706830693.5158594, "_runtime": 6768.247121334076, "_step": 57, "eval/loss": 2.967609405517578, "eval/runtime": 114.1229, "eval/samples_per_second": 8.789, "eval/steps_per_second": 1.104, "train/train_runtime": 6654.1329, "train/train_samples_per_second": 2.738, "train/train_steps_per_second": 2.738, "train/total_flos": 1.320429849337764e+16, "train/train_loss": 3.621696661437251, "_wandb": {"runtime": 6767}}