{"eval/loss": 7.8336639404296875, "eval/runtime": 6.209, "eval/samples_per_second": 8.053, "eval/steps_per_second": 1.127, "train/epoch": 1.0, "train/global_step": 50, "_timestamp": 1705634268.6737754, "_runtime": 25.167039394378662, "_step": 1, "train/train_runtime": 29.8953, "train/train_samples_per_second": 1.673, "train/train_steps_per_second": 1.673, "train/total_flos": 47369297380284.0, "train/train_loss": 8.715942993164063, "_wandb": {"runtime": 24}}