{"eval/loss": 6.429444789886475, "eval/runtime": 0.5026, "eval/samples_per_second": 7.958, "eval/steps_per_second": 1.99, "train/epoch": 5.0, "train/global_step": 20, "_timestamp": 1706071691.4259584, "_runtime": 22.9660062789917, "_step": 6, "train/train_runtime": 22.4766, "train/train_samples_per_second": 0.89, "train/train_steps_per_second": 0.89, "train/total_flos": 17278393767030.0, "train/train_loss": 6.323307800292969, "_wandb": {"runtime": 22}}