{"train/loss": 2.4537, "train/learning_rate": 4.204094021187299e-06, "train/epoch": 20.0, "train/global_step": 18220, "_timestamp": 1706817107.3788261, "_runtime": 6780.165110111237, "_step": 57, "eval/loss": 2.7543938159942627, "eval/runtime": 114.2052, "eval/samples_per_second": 8.782, "eval/steps_per_second": 1.103, "train/train_runtime": 6665.9682, "train/train_samples_per_second": 2.733, "train/train_steps_per_second": 2.733, "train/total_flos": 1.320429849337764e+16, "train/train_loss": 3.3719349162900487, "_wandb": {"runtime": 6779}}