{"eval/loss": 8.035174369812012, "eval/runtime": 0.4765, "eval/samples_per_second": 8.395, "eval/steps_per_second": 2.099, "train/epoch": 1.0, "train/global_step": 4, "_timestamp": 1706057484.985878, "_runtime": 4.518862009048462, "_step": 1, "train/train_runtime": 8.5666, "train/train_samples_per_second": 0.467, "train/train_steps_per_second": 0.467, "train/total_flos": 3455678753406.0, "train/train_loss": 9.89995288848877, "_wandb": {"runtime": 4}}