{"train/loss": 7.0939, "train/learning_rate": 0.0002461927039482968, "train/epoch": 20.0, "train/global_step": 18220, "_timestamp": 1706181035.7432296, "_runtime": 6725.265387535095, "_step": 57, "eval/loss": 7.200334072113037, "eval/runtime": 112.5758, "eval/samples_per_second": 8.91, "eval/steps_per_second": 1.119, "train/train_runtime": 6612.6985, "train/train_samples_per_second": 2.755, "train/train_steps_per_second": 2.755, "train/total_flos": 1.320429849337764e+16, "train/train_loss": 7.222599047127984, "_wandb": {"runtime": 6724}}