{"train/loss": 4.1601, "train/learning_rate": 4.420412117830829e-07, "train/epoch": 20.0, "train/global_step": 18220, "_timestamp": 1706851006.1451519, "_runtime": 6778.452278852463, "_step": 57, "eval/loss": 4.210978031158447, "eval/runtime": 114.149, "eval/samples_per_second": 8.787, "eval/steps_per_second": 1.104, "train/train_runtime": 6664.3115, "train/train_samples_per_second": 2.734, "train/train_steps_per_second": 2.734, "train/total_flos": 1.320429849337764e+16, "train/train_loss": 4.588419721417055, "_wandb": {"runtime": 6777}}