{"eval/loss": 6.138835430145264, "eval/runtime": 6.4881, "eval/samples_per_second": 7.706, "eval/steps_per_second": 1.079, "train/epoch": 1.0, "train/global_step": 50, "_timestamp": 1705694792.868703, "_runtime": 28.333762884140015, "_step": 1, "train/train_runtime": 29.7011, "train/train_samples_per_second": 1.683, "train/train_steps_per_second": 1.683, "train/total_flos": 47369297380284.0, "train/train_loss": 6.500156860351563, "_wandb": {"runtime": 28}}