{"train/loss": 7.1311, "train/learning_rate": 5.877899781603964e-06, "train/epoch": 5.0, "train/global_step": 4555, "_timestamp": 1706094345.1274474, "_runtime": 1846.9988324642181, "_step": 15, "eval/loss": 7.21083927154541, "eval/runtime": 117.2652, "eval/samples_per_second": 8.553, "eval/steps_per_second": 1.074, "train/train_runtime": 1729.7472, "train/train_samples_per_second": 2.633, "train/train_steps_per_second": 2.633, "train/total_flos": 3301074623344410.0, "train/train_loss": 7.230184799177587, "_wandb": {"runtime": 1846}}