{"eval/loss": 12.939363479614258, "eval/runtime": 0.4928, "eval/samples_per_second": 8.116, "eval/steps_per_second": 2.029, "train/epoch": 5.0, "train/global_step": 20, "_timestamp": 1706071753.3608341, "_runtime": 22.46948504447937, "_step": 8, "train/train_runtime": 21.9852, "train/train_samples_per_second": 0.91, "train/train_steps_per_second": 0.91, "train/total_flos": 17278393767030.0, "train/train_loss": 22.447677612304688, "_wandb": {"runtime": 21}, "attention_probs_dropout_prob": 0.04083042140302731, "learning_rate": 0.03660344692743252, "weight_decay": 0.006982429937974833, "value": 12.939363479614258, "trial_number": 8}