{"train/loss": 4.2223, "train/learning_rate": 2.9987799551707146e-06, "train/epoch": 5.0, "train/global_step": 4555, "_timestamp": 1706105571.5344427, "_runtime": 1861.3538217544556, "_step": 15, "eval/loss": 3.9286296367645264, "eval/runtime": 119.5294, "eval/samples_per_second": 8.391, "eval/steps_per_second": 1.054, "train/train_runtime": 1741.8071, "train/train_samples_per_second": 2.615, "train/train_steps_per_second": 2.615, "train/total_flos": 3301074623344410.0, "train/train_loss": 5.150169977215328, "_wandb": {"runtime": 1860}}