{"train/loss": 7.0858, "train/learning_rate": 8.704592483029296e-05, "train/epoch": 20.0, "train/global_step": 18220, "_timestamp": 1706194519.4989424, "_runtime": 6731.525011301041, "_step": 57, "eval/loss": 7.1933183670043945, "eval/runtime": 112.3463, "eval/samples_per_second": 8.928, "eval/steps_per_second": 1.122, "train/train_runtime": 6619.1871, "train/train_samples_per_second": 2.753, "train/train_steps_per_second": 2.753, "train/total_flos": 1.320429849337764e+16, "train/train_loss": 7.154347525469951, "_wandb": {"runtime": 6731}}