{"train/loss": 4.4101, "train/learning_rate": 8.118637717887873e-07, "train/epoch": 5.0, "train/global_step": 4555, "_timestamp": 1706092488.81879, "_runtime": 1848.0741350650787, "_step": 15, "eval/loss": 4.693111896514893, "eval/runtime": 115.1039, "eval/samples_per_second": 8.714, "eval/steps_per_second": 1.095, "train/train_runtime": 1732.9854, "train/train_samples_per_second": 2.628, "train/train_steps_per_second": 2.628, "train/total_flos": 3301074623344410.0, "train/train_loss": 4.723937053659483, "_wandb": {"runtime": 1847}}