{"eval/loss": 7.979782581329346, "eval/runtime": 0.4711, "eval/samples_per_second": 8.491, "eval/steps_per_second": 2.123, "train/epoch": 1.0, "train/global_step": 4, "_timestamp": 1705789872.176315, "_runtime": 4.582195043563843, "_step": 1, "train/train_runtime": 10.5535, "train/train_samples_per_second": 0.379, "train/train_steps_per_second": 0.379, "train/total_flos": 3455678753406.0, "train/train_loss": 9.843255043029785, "_wandb": {"runtime": 4}}