{"eval/loss": 10.740117073059082, "eval/runtime": 0.3696, "eval/samples_per_second": 8.117, "eval/steps_per_second": 2.706, "train/epoch": 2.0, "train/global_step": 6, "_timestamp": 1706139510.7070088, "_runtime": 7.772069931030273, "_step": 3, "train/train_runtime": 7.4093, "train/train_samples_per_second": 0.81, "train/train_steps_per_second": 0.81, "train/total_flos": 4789408601340.0, "train/train_loss": 14.362859090169271, "_wandb": {"runtime": 7}}