{"train/loss": 7.0789, "train/learning_rate": 1.728879307447609e-05, "train/epoch": 20.0, "train/global_step": 18220, "_timestamp": 1706864521.839288, "_runtime": 6752.272766113281, "_step": 57, "eval/loss": 7.180838108062744, "eval/runtime": 112.9595, "eval/samples_per_second": 8.879, "eval/steps_per_second": 1.115, "train/train_runtime": 6639.3227, "train/train_samples_per_second": 2.744, "train/train_steps_per_second": 2.744, "train/total_flos": 1.320429849337764e+16, "train/train_loss": 7.098302726871227, "_wandb": {"runtime": 6751}}