{"eval/loss": 7.464719295501709, "eval/runtime": 6.7144, "eval/samples_per_second": 7.447, "eval/steps_per_second": 1.043, "train/epoch": 1.0, "train/global_step": 50, "_timestamp": 1705634299.6791644, "_runtime": 25.192237377166748, "_step": 1, "train/train_runtime": 30.2957, "train/train_samples_per_second": 1.65, "train/train_steps_per_second": 1.65, "train/total_flos": 47369297380284.0, "train/train_loss": 7.945421142578125, "_wandb": {"runtime": 25}}