{"train/loss": 7.1225, "train/learning_rate": 4.971317746957742e-05, "train/epoch": 5.0, "train/global_step": 4555, "_timestamp": 1706079532.5787768, "_runtime": 1848.993605852127, "_step": 15, "eval/loss": 7.1974897384643555, "eval/runtime": 118.208, "eval/samples_per_second": 8.485, "eval/steps_per_second": 1.066, "train/train_runtime": 1730.7792, "train/train_samples_per_second": 2.632, "train/train_steps_per_second": 2.632, "train/total_flos": 3301074623344410.0, "train/train_loss": 7.215374829557149, "_wandb": {"runtime": 1848}}