{"eval/loss": 6.5542097091674805, "eval/runtime": 0.5013, "eval/samples_per_second": 7.979, "eval/steps_per_second": 1.995, "train/epoch": 5.0, "train/global_step": 20, "_timestamp": 1706137007.5044358, "_runtime": 21.6871018409729, "_step": 6, "train/train_runtime": 21.1991, "train/train_samples_per_second": 0.943, "train/train_steps_per_second": 0.943, "train/total_flos": 17278393767030.0, "train/train_loss": 6.4764892578125, "_wandb": {"runtime": 21}}