{"train/loss": 4.222, "train/learning_rate": 2.1153358235660085e-06, "train/epoch": 5.0, "train/global_step": 4555, "_timestamp": 1706126084.0776432, "_runtime": 1849.5842151641846, "_step": 15, "eval/loss": 4.085085391998291, "eval/runtime": 119.3302, "eval/samples_per_second": 8.405, "eval/steps_per_second": 1.056, "train/train_runtime": 1730.2581, "train/train_samples_per_second": 2.633, "train/train_steps_per_second": 2.633, "train/total_flos": 3301074623344410.0, "train/train_loss": 4.970520431568803, "_wandb": {"runtime": 1849}}