{"eval/loss": 10.561568260192871, "eval/runtime": 0.4929, "eval/samples_per_second": 8.115, "eval/steps_per_second": 2.029, "train/epoch": 2.0, "train/global_step": 8, "_timestamp": 1706138110.2888741, "_runtime": 12.989846229553223, "_step": 3, "train/train_runtime": 12.509, "train/train_samples_per_second": 0.64, "train/train_steps_per_second": 0.64, "train/total_flos": 6911357506812.0, "train/train_loss": 11.868592262268066, "_wandb": {"runtime": 12}}