{"eval/loss": 8.272076606750488, "eval/runtime": 0.4699, "eval/samples_per_second": 8.512, "eval/steps_per_second": 2.128, "train/epoch": 1.0, "train/global_step": 4, "_timestamp": 1706064604.2708888, "_runtime": 28.885259866714478, "_step": 11, "train/train_runtime": 5.3555, "train/train_samples_per_second": 0.747, "train/train_steps_per_second": 0.747, "train/total_flos": 3455678753406.0, "train/train_loss": 8.4786376953125, "_wandb": {"runtime": 88}}