{"eval/loss": 10.88841724395752, "eval/runtime": 0.4922, "eval/samples_per_second": 8.126, "eval/steps_per_second": 2.032, "train/epoch": 5.0, "train/global_step": 20, "_timestamp": 1706137038.0310543, "_runtime": 20.97958016395569, "_step": 6, "train/train_runtime": 20.4935, "train/train_samples_per_second": 0.976, "train/train_steps_per_second": 0.976, "train/total_flos": 17278393767030.0, "train/train_loss": 12.83501739501953, "_wandb": {"runtime": 20}}