{"eval/loss": 8.047114372253418, "eval/runtime": 0.474, "eval/samples_per_second": 8.439, "eval/steps_per_second": 2.11, "train/epoch": 1.0, "train/global_step": 4, "_timestamp": 1705789884.5356572, "_runtime": 5.01143217086792, "_step": 1, "train/train_runtime": 11.2481, "train/train_samples_per_second": 0.356, "train/train_steps_per_second": 0.356, "train/total_flos": 3455678753406.0, "train/train_loss": 9.799736022949219, "_wandb": {"runtime": 4}}