{"eval/loss": 7.743285179138184, "eval/runtime": 0.4737, "eval/samples_per_second": 8.445, "eval/steps_per_second": 2.111, "train/epoch": 1.0, "train/global_step": 4, "_timestamp": 1706058054.311636, "_runtime": 28.27647590637207, "_step": 11, "train/train_runtime": 5.2945, "train/train_samples_per_second": 0.755, "train/train_steps_per_second": 0.755, "train/total_flos": 3455678753406.0, "train/train_loss": 7.98483419418335, "_wandb": {"runtime": 87}}