{"eval/loss": 6.142852783203125, "eval/runtime": 6.3111, "eval/samples_per_second": 7.923, "eval/steps_per_second": 1.109, "train/epoch": 1.0, "train/global_step": 50, "_timestamp": 1705694825.937999, "_runtime": 26.292503118515015, "_step": 1, "train/train_runtime": 32.4338, "train/train_samples_per_second": 1.542, "train/train_steps_per_second": 1.542, "train/total_flos": 47369297380284.0, "train/train_loss": 6.476757202148438, "_wandb": {"runtime": 26}}