{"train/loss": 2.7464, "train/learning_rate": 6.5000581966695704e-06, "train/epoch": 20.0, "train/global_step": 18220, "_timestamp": 1706250640.3861344, "_runtime": 7038.107240438461, "_step": 57, "eval/loss": 3.1246140003204346, "eval/runtime": 118.3809, "eval/samples_per_second": 8.473, "eval/steps_per_second": 1.064, "train/train_runtime": 6919.7341, "train/train_samples_per_second": 2.633, "train/train_steps_per_second": 2.633, "train/total_flos": 1.320429849337764e+16, "train/train_loss": 3.7001070225670625, "_wandb": {"runtime": 7037}}