{"train/loss": 3.8061, "train/learning_rate": 2.6379630457974223e-06, "train/epoch": 5.0, "train/global_step": 4555, "_timestamp": 1706127950.4137187, "_runtime": 1856.745701789856, "_step": 15, "eval/loss": 3.5538151264190674, "eval/runtime": 120.0791, "eval/samples_per_second": 8.353, "eval/steps_per_second": 1.049, "train/train_runtime": 1736.6686, "train/train_samples_per_second": 2.623, "train/train_steps_per_second": 2.623, "train/total_flos": 3301074623344410.0, "train/train_loss": 4.806125986746192, "_wandb": {"runtime": 1856}}