{"train/loss": 7.0788, "train/learning_rate": 1.641364958019616e-05, "train/epoch": 20.0, "train/global_step": 18220, "_timestamp": 1706208029.5148325, "_runtime": 6725.29447555542, "_step": 57, "eval/loss": 7.18082857131958, "eval/runtime": 112.5682, "eval/samples_per_second": 8.91, "eval/steps_per_second": 1.119, "train/train_runtime": 6612.7346, "train/train_samples_per_second": 2.755, "train/train_steps_per_second": 2.755, "train/total_flos": 1.320429849337764e+16, "train/train_loss": 7.096559178240343, "_wandb": {"runtime": 6724}}