{"train/loss": 7.1193, "train/learning_rate": 2.9735347084688866e-05, "train/epoch": 5.0, "train/global_step": 4555, "_timestamp": 1706107462.1654227, "_runtime": 1875.7581737041473, "_step": 15, "eval/loss": 7.195412635803223, "eval/runtime": 117.5936, "eval/samples_per_second": 8.529, "eval/steps_per_second": 1.071, "train/train_runtime": 1758.1812, "train/train_samples_per_second": 2.591, "train/train_steps_per_second": 2.591, "train/total_flos": 3301074623344410.0, "train/train_loss": 7.202623299055382, "_wandb": {"runtime": 1875}}