{"eval/loss": 8.316642761230469, "eval/runtime": 0.3787, "eval/samples_per_second": 7.921, "eval/steps_per_second": 2.64, "train/epoch": 2.0, "train/global_step": 6, "_timestamp": 1706139415.5048177, "_runtime": 7.6571877002716064, "_step": 4, "train/train_runtime": 7.2857, "train/train_samples_per_second": 0.824, "train/train_steps_per_second": 0.824, "train/total_flos": 4789408601340.0, "train/train_loss": 8.18719482421875, "_wandb": {"runtime": 7}, "attention_probs_dropout_prob": 0.10254580413459297, "learning_rate": 0.0007907662784063723, "weight_decay": 0.003241103464029855, "value": 8.316642761230469, "trial_number": 4}