{"train/loss": 7.1479, "train/learning_rate": 8.069272293285925e-06, "train/epoch": 5.0, "train/global_step": 4555, "_timestamp": 1706083212.141469, "_runtime": 1830.9314720630646, "_step": 15, "eval/loss": 7.231031894683838, "eval/runtime": 113.1824, "eval/samples_per_second": 8.862, "eval/steps_per_second": 1.113, "train/train_runtime": 1717.7575, "train/train_samples_per_second": 2.652, "train/train_steps_per_second": 2.652, "train/total_flos": 3301074623344410.0, "train/train_loss": 7.259556604714085, "_wandb": {"runtime": 1827}}