{"train/loss": 2.1281, "train/learning_rate": 1.5108693167698393e-06, "train/epoch": 20.0, "train/global_step": 18220, "_timestamp": 1706284941.7633033, "_runtime": 6778.092222213745, "_step": 57, "eval/loss": 2.3578474521636963, "eval/runtime": 113.9982, "eval/samples_per_second": 8.798, "eval/steps_per_second": 1.105, "train/train_runtime": 6664.1036, "train/train_samples_per_second": 2.734, "train/train_steps_per_second": 2.734, "train/total_flos": 1.320429849337764e+16, "train/train_loss": 3.027803890425078, "_wandb": {"runtime": 6777}}