{"eval/loss": 13.410204887390137, "eval/runtime": 0.4658, "eval/samples_per_second": 8.587, "eval/steps_per_second": 2.147, "train/epoch": 1.0, "train/global_step": 4, "_timestamp": 1706064754.9952781, "_runtime": 29.18265414237976, "_step": 11, "train/train_runtime": 5.2651, "train/train_samples_per_second": 0.76, "train/train_steps_per_second": 0.76, "train/total_flos": 3455678753406.0, "train/train_loss": 12.965632438659668, "_wandb": {"runtime": 88}}