{"eval/loss": 10.356462478637695, "eval/runtime": 0.3733, "eval/samples_per_second": 8.036, "eval/steps_per_second": 2.679, "train/epoch": 2.0, "train/global_step": 6, "_timestamp": 1706139257.1803243, "_runtime": 12.414851427078247, "_step": 3, "train/train_runtime": 12.0476, "train/train_samples_per_second": 0.498, "train/train_steps_per_second": 0.498, "train/total_flos": 4789408601340.0, "train/train_loss": 13.538953145345053, "_wandb": {"runtime": 12}}