{"eval/loss": 6.440597057342529, "eval/runtime": 0.5005, "eval/samples_per_second": 7.992, "eval/steps_per_second": 1.998, "train/epoch": 5.0, "train/global_step": 20, "_timestamp": 1706071587.3757417, "_runtime": 23.967049837112427, "_step": 6, "train/train_runtime": 23.4788, "train/train_samples_per_second": 0.852, "train/train_steps_per_second": 0.852, "train/total_flos": 17278393767030.0, "train/train_loss": 6.3344879150390625, "_wandb": {"runtime": 23}}