{"train/loss": 2.0609, "train/learning_rate": 2.5098237120851384e-06, "train/epoch": 20.0, "train/global_step": 18220, "_timestamp": 1706229377.3308682, "_runtime": 7118.380681276321, "_step": 57, "eval/loss": 2.43624210357666, "eval/runtime": 119.0109, "eval/samples_per_second": 8.428, "eval/steps_per_second": 1.059, "train/train_runtime": 6999.3884, "train/train_samples_per_second": 2.603, "train/train_steps_per_second": 2.603, "train/total_flos": 1.320429849337764e+16, "train/train_loss": 2.935514642273686, "_wandb": {"runtime": 7117}}