{"eval/loss": 16.178367614746094, "eval/runtime": 0.4669, "eval/samples_per_second": 8.568, "eval/steps_per_second": 2.142, "train/epoch": 1.0, "train/global_step": 4, "_timestamp": 1706056824.9201155, "_runtime": 8.551479578018188, "_step": 2, "train/train_runtime": 9.5633, "train/train_samples_per_second": 0.418, "train/train_steps_per_second": 0.418, "train/total_flos": 3455678753406.0, "train/train_loss": 10.020528793334961, "_wandb": {"runtime": 8}}