{"train/loss": 7.0815, "train/learning_rate": 4.5398790058025405e-05, "train/epoch": 20.0, "train/global_step": 18220, "_timestamp": 1706187780.9525666, "_runtime": 6737.4439907073975, "_step": 57, "eval/loss": 7.187206745147705, "eval/runtime": 112.55, "eval/samples_per_second": 8.912, "eval/steps_per_second": 1.12, "train/train_runtime": 6624.9027, "train/train_samples_per_second": 2.75, "train/train_steps_per_second": 2.75, "train/total_flos": 1.320429849337764e+16, "train/train_loss": 7.127441131558298, "_wandb": {"runtime": 6735}}