{"train/loss": 7.1221, "train/learning_rate": 1.24483065899121e-05, "train/epoch": 5.0, "train/global_step": 4555, "_timestamp": 1706116773.1815722, "_runtime": 1854.704832315445, "_step": 15, "eval/loss": 7.196796417236328, "eval/runtime": 117.22, "eval/samples_per_second": 8.557, "eval/steps_per_second": 1.075, "train/train_runtime": 1737.4877, "train/train_samples_per_second": 2.622, "train/train_steps_per_second": 2.622, "train/total_flos": 3301074623344410.0, "train/train_loss": 7.207672233037185, "_wandb": {"runtime": 1854}}