{"train/loss": 3.9853, "train/learning_rate": 1.6264508446517453e-06, "train/epoch": 5.0, "train/global_step": 4555, "_timestamp": 1706114908.8169572, "_runtime": 1872.0534462928772, "_step": 15, "eval/loss": 4.017684459686279, "eval/runtime": 119.5326, "eval/samples_per_second": 8.391, "eval/steps_per_second": 1.054, "train/train_runtime": 1752.5335, "train/train_samples_per_second": 2.599, "train/train_steps_per_second": 2.599, "train/total_flos": 3301074623344410.0, "train/train_loss": 4.68286503311308, "_wandb": {"runtime": 1871}}