{"train/loss": 8.0768, "train/learning_rate": 0.009997553931914127, "train/epoch": 1.0, "train/global_step": 911, "_timestamp": 1706070291.0559053, "_runtime": 458.43314027786255, "_step": 3, "eval/loss": 7.249717712402344, "eval/runtime": 116.9614, "eval/samples_per_second": 8.575, "eval/steps_per_second": 1.077, "train/train_runtime": 341.5048, "train/train_samples_per_second": 2.668, "train/train_steps_per_second": 2.668, "train/total_flos": 660214924668882.0, "train/train_loss": 7.726730530924121, "_wandb": {"runtime": 458}}