{"train/loss": 2.9449, "train/learning_rate": 3.1937826045596006e-06, "train/epoch": 5.0, "train/global_step": 4555, "_timestamp": 1706073962.6773047, "_runtime": 1867.4730198383331, "_step": 15, "eval/loss": 2.8718109130859375, "eval/runtime": 120.1556, "eval/samples_per_second": 8.348, "eval/steps_per_second": 1.049, "train/train_runtime": 1749.0561, "train/train_samples_per_second": 2.604, "train/train_steps_per_second": 2.604, "train/total_flos": 3301074623344410.0, "train/train_loss": 4.262367950338956, "_wandb": {"runtime": 1867}}