{"eval/loss": 8.353435516357422, "eval/runtime": 6.836, "eval/samples_per_second": 7.314, "eval/steps_per_second": 1.024, "train/epoch": 1.0, "train/global_step": 50, "_timestamp": 1705634205.5740843, "_runtime": 28.09233331680298, "_step": 1, "train/train_runtime": 29.6081, "train/train_samples_per_second": 1.689, "train/train_steps_per_second": 1.689, "train/total_flos": 47369297380284.0, "train/train_loss": 16.13510498046875, "_wandb": {"runtime": 28}}