{"eval/loss": 10.214189529418945, "eval/runtime": 0.3811, "eval/samples_per_second": 7.871, "eval/steps_per_second": 2.624, "train/epoch": 2.0, "train/global_step": 6, "_timestamp": 1706139395.578456, "_runtime": 8.79763388633728, "_step": 3, "train/train_runtime": 8.4325, "train/train_samples_per_second": 0.712, "train/train_steps_per_second": 0.712, "train/total_flos": 4789408601340.0, "train/train_loss": 12.709620157877604, "_wandb": {"runtime": 7}}