{"eval/loss": 10.778470993041992, "eval/runtime": 0.4684, "eval/samples_per_second": 8.541, "eval/steps_per_second": 2.135, "train/epoch": 1.0, "train/global_step": 4, "_timestamp": 1706066149.2140431, "_runtime": 29.955268144607544, "_step": 11, "train/train_runtime": 5.4129, "train/train_samples_per_second": 0.739, "train/train_steps_per_second": 0.739, "train/total_flos": 3455678753406.0, "train/train_loss": 14.811239242553711, "_wandb": {"runtime": 89}}