{"eval/loss": 28.48154067993164, "eval/runtime": 0.4693, "eval/samples_per_second": 8.524, "eval/steps_per_second": 2.131, "train/epoch": 1.0, "train/global_step": 4, "_timestamp": 1706064143.364832, "_runtime": 28.39397883415222, "_step": 11, "train/train_runtime": 5.5946, "train/train_samples_per_second": 0.715, "train/train_steps_per_second": 0.715, "train/total_flos": 3455678753406.0, "train/train_loss": 8.989118576049805, "_wandb": {"runtime": 87}}