{"eval/loss": 6.0749053955078125, "eval/runtime": 6.3397, "eval/samples_per_second": 7.887, "eval/steps_per_second": 1.104, "train/epoch": 1.0, "train/global_step": 50, "_timestamp": 1705694974.4273753, "_runtime": 27.00725221633911, "_step": 1, "train/train_runtime": 32.6286, "train/train_samples_per_second": 1.532, "train/train_steps_per_second": 1.532, "train/total_flos": 47369297380284.0, "train/train_loss": 6.331704711914062, "_wandb": {"runtime": 86}}