{"train/loss": 7.0789, "train/learning_rate": 1.839612226719282e-05, "train/epoch": 20.0, "train/global_step": 18220, "_timestamp": 1706790659.8723612, "_runtime": 6735.444246292114, "_step": 57, "eval/loss": 7.18043851852417, "eval/runtime": 113.1291, "eval/samples_per_second": 8.866, "eval/steps_per_second": 1.114, "train/train_runtime": 6622.3235, "train/train_samples_per_second": 2.751, "train/train_steps_per_second": 2.751, "train/total_flos": 1.320429849337764e+16, "train/train_loss": 7.10556968915083, "_wandb": {"runtime": 6734}}