{"train/loss": 7.1194, "train/learning_rate": 2.888517905207367e-05, "train/epoch": 5.0, "train/global_step": 4555, "_timestamp": 1706113028.4595582, "_runtime": 1852.8676962852478, "_step": 15, "eval/loss": 7.195828437805176, "eval/runtime": 117.7374, "eval/samples_per_second": 8.519, "eval/steps_per_second": 1.07, "train/train_runtime": 1735.1339, "train/train_samples_per_second": 2.625, "train/train_steps_per_second": 2.625, "train/total_flos": 3301074623344410.0, "train/train_loss": 7.202964995433418, "_wandb": {"runtime": 1852}}