{"eval/loss": 6.807702541351318, "eval/runtime": 0.4949, "eval/samples_per_second": 8.082, "eval/steps_per_second": 2.02, "train/epoch": 5.0, "train/global_step": 20, "_timestamp": 1706136978.0488582, "_runtime": 24.423465251922607, "_step": 6, "train/train_runtime": 25.7015, "train/train_samples_per_second": 0.778, "train/train_steps_per_second": 0.778, "train/total_flos": 17278393767030.0, "train/train_loss": 7.167897033691406, "_wandb": {"runtime": 24}}