{"eval/loss": 6.592034816741943, "eval/runtime": 0.4784, "eval/samples_per_second": 8.362, "eval/steps_per_second": 2.09, "train/epoch": 1.0, "train/global_step": 4, "_timestamp": 1706057475.5803804, "_runtime": 4.94748854637146, "_step": 1, "train/train_runtime": 11.1755, "train/train_samples_per_second": 0.358, "train/train_steps_per_second": 0.358, "train/total_flos": 3455678753406.0, "train/train_loss": 6.688024520874023, "_wandb": {"runtime": 4}}