{"eval/loss": 7.732140064239502, "eval/runtime": 0.494, "eval/samples_per_second": 8.096, "eval/steps_per_second": 2.024, "train/epoch": 5.0, "train/global_step": 20, "_timestamp": 1706137081.128241, "_runtime": 21.147186040878296, "_step": 6, "train/train_runtime": 20.6588, "train/train_samples_per_second": 0.968, "train/train_steps_per_second": 0.968, "train/total_flos": 17278393767030.0, "train/train_loss": 8.10458984375, "_wandb": {"runtime": 20}}