{"train/loss": 2.7643, "train/learning_rate": 6.4741585549005e-07, "train/epoch": 20.0, "train/global_step": 18220, "_timestamp": 1706298532.2583401, "_runtime": 6772.9602382183075, "_step": 57, "eval/loss": 2.739867687225342, "eval/runtime": 114.0258, "eval/samples_per_second": 8.796, "eval/steps_per_second": 1.105, "train/train_runtime": 6658.944, "train/train_samples_per_second": 2.736, "train/train_steps_per_second": 2.736, "train/total_flos": 1.320429849337764e+16, "train/train_loss": 3.6832056106249143, "_wandb": {"runtime": 6772}}