{"eval/loss": 7.812916278839111, "eval/runtime": 0.5, "eval/samples_per_second": 7.999, "eval/steps_per_second": 2.0, "train/epoch": 2.0, "train/global_step": 8, "_timestamp": 1706138131.5867012, "_runtime": 13.332137107849121, "_step": 4, "train/train_runtime": 12.8307, "train/train_samples_per_second": 0.624, "train/train_steps_per_second": 0.624, "train/total_flos": 6911357506812.0, "train/train_loss": 8.61860179901123, "_wandb": {"runtime": 12}, "attention_probs_dropout_prob": 0.10544020699507688, "learning_rate": 0.001031868994671147, "weight_decay": 0.0011839519956290585, "value": 7.812916278839111, "trial_number": 4}