{"eval/loss": 6.09489631652832, "eval/runtime": 6.3469, "eval/samples_per_second": 7.878, "eval/steps_per_second": 1.103, "train/epoch": 1.0, "train/global_step": 50, "_timestamp": 1705694908.315952, "_runtime": 76.76659107208252, "_step": 1, "train/train_runtime": 81.318, "train/train_samples_per_second": 0.615, "train/train_steps_per_second": 0.615, "train/total_flos": 47369297380284.0, "train/train_loss": 6.352305908203125, "_wandb": {"runtime": 76}}