{"eval/loss": 7.154144287109375, "eval/runtime": 0.3807, "eval/samples_per_second": 7.881, "eval/steps_per_second": 2.627, "train/epoch": 2.0, "train/global_step": 6, "_timestamp": 1706139360.5542247, "_runtime": 8.118863821029663, "_step": 3, "train/train_runtime": 7.7495, "train/train_samples_per_second": 0.774, "train/train_steps_per_second": 0.774, "train/total_flos": 4789408601340.0, "train/train_loss": 7.104656219482422, "_wandb": {"runtime": 7}}