{"train/loss": 2.173, "train/learning_rate": 1.5797561683297505e-06, "train/epoch": 20.0, "train/global_step": 18220, "_timestamp": 1706891615.8781419, "_runtime": 6778.074027776718, "_step": 57, "eval/loss": 2.3697686195373535, "eval/runtime": 114.1457, "eval/samples_per_second": 8.787, "eval/steps_per_second": 1.104, "train/train_runtime": 6663.9367, "train/train_samples_per_second": 2.734, "train/train_steps_per_second": 2.734, "train/total_flos": 1.320429849337764e+16, "train/train_loss": 3.0803445675763026, "_wandb": {"runtime": 6777}}