{"train/loss": 7.0786, "train/learning_rate": 1.2673435181690306e-05, "train/epoch": 20.0, "train/global_step": 18220, "_timestamp": 1706857763.7295556, "_runtime": 6749.483997583389, "_step": 57, "eval/loss": 6.63878059387207, "eval/runtime": 114.0814, "eval/samples_per_second": 8.792, "eval/steps_per_second": 1.104, "train/train_runtime": 6635.4107, "train/train_samples_per_second": 2.746, "train/train_steps_per_second": 2.746, "train/total_flos": 1.320429849337764e+16, "train/train_loss": 7.070352176201461, "_wandb": {"runtime": 6749}}