{"eval/loss": 7.5507707595825195, "eval/runtime": 6.2158, "eval/samples_per_second": 8.044, "eval/steps_per_second": 1.126, "train/epoch": 1.0, "train/global_step": 50, "_timestamp": 1705694940.5374641, "_runtime": 27.087180137634277, "_step": 1, "train/train_runtime": 31.1821, "train/train_samples_per_second": 1.603, "train/train_steps_per_second": 1.603, "train/total_flos": 47369297380284.0, "train/train_loss": 8.010914306640625, "_wandb": {"runtime": 27}}