{"train/loss": 7.0785, "train/learning_rate": 1.0392353650045937e-05, "train/epoch": 20.0, "train/global_step": 18220, "_timestamp": 1706844218.6147988, "_runtime": 6750.5108597278595, "_step": 57, "eval/loss": 6.526726245880127, "eval/runtime": 113.9695, "eval/samples_per_second": 8.801, "eval/steps_per_second": 1.106, "train/train_runtime": 6636.5495, "train/train_samples_per_second": 2.745, "train/train_steps_per_second": 2.745, "train/total_flos": 1.320429849337764e+16, "train/train_loss": 7.041071963598124, "_wandb": {"runtime": 6750}}