{"train/loss": 2.1622, "train/learning_rate": 1.2809535198763214e-06, "train/epoch": 20.0, "train/global_step": 18220, "_timestamp": 1706153815.0453465, "_runtime": 7063.275634527206, "_step": 57, "eval/loss": 2.3541030883789062, "eval/runtime": 114.9374, "eval/samples_per_second": 8.726, "eval/steps_per_second": 1.096, "train/train_runtime": 6948.3523, "train/train_samples_per_second": 2.622, "train/train_steps_per_second": 2.622, "train/total_flos": 1.320429849337764e+16, "train/train_loss": 3.0782329035904485, "_wandb": {"runtime": 7062}}