{"eval/loss": 7.974127292633057, "eval/runtime": 6.252, "eval/samples_per_second": 7.997, "eval/steps_per_second": 1.12, "train/epoch": 1.0, "train/global_step": 50, "_timestamp": 1705634330.8301, "_runtime": 25.16842007637024, "_step": 1, "train/train_runtime": 29.9292, "train/train_samples_per_second": 1.671, "train/train_steps_per_second": 1.671, "train/total_flos": 47369297380284.0, "train/train_loss": 9.273983764648438, "_wandb": {"runtime": 84}}