{"train/loss": 2.1045, "train/learning_rate": 1.472916949525583e-06, "train/epoch": 20.0, "train/global_step": 18220, "_timestamp": 1706201289.3261755, "_runtime": 6762.210770368576, "_step": 57, "eval/loss": 2.3514795303344727, "eval/runtime": 113.9448, "eval/samples_per_second": 8.803, "eval/steps_per_second": 1.106, "train/train_runtime": 6648.2743, "train/train_samples_per_second": 2.741, "train/train_steps_per_second": 2.741, "train/total_flos": 1.320429849337764e+16, "train/train_loss": 2.99153250098621, "_wandb": {"runtime": 6761}}