{"eval/loss": 9.123981475830078, "eval/runtime": 0.3733, "eval/samples_per_second": 8.037, "eval/steps_per_second": 2.679, "train/epoch": 2.0, "train/global_step": 6, "_timestamp": 1706139343.694499, "_runtime": 10.477711915969849, "_step": 3, "train/train_runtime": 11.8015, "train/train_samples_per_second": 0.508, "train/train_steps_per_second": 0.508, "train/total_flos": 4789408601340.0, "train/train_loss": 11.529043833414713, "_wandb": {"runtime": 10}}