{"eval/loss": 7.202053070068359, "eval/runtime": 0.3775, "eval/samples_per_second": 7.946, "eval/steps_per_second": 2.649, "train/epoch": 2.0, "train/global_step": 6, "_timestamp": 1706139493.6794405, "_runtime": 7.599420547485352, "_step": 3, "train/train_runtime": 7.2284, "train/train_samples_per_second": 0.83, "train/train_steps_per_second": 0.83, "train/total_flos": 4789408601340.0, "train/train_loss": 6.9847056070963545, "_wandb": {"runtime": 7}}