{"eval/loss": 7.305444240570068, "eval/runtime": 0.7494, "eval/samples_per_second": 5.338, "eval/steps_per_second": 1.334, "train/epoch": 1.0, "train/global_step": 4, "_timestamp": 1705789846.9037216, "_runtime": 6.275488615036011, "_step": 1, "train/train_runtime": 7.6974, "train/train_samples_per_second": 0.52, "train/train_steps_per_second": 0.52, "train/total_flos": 3455678753406.0, "train/train_loss": 7.764008522033691, "_wandb": {"runtime": 6}}