{"eval/loss": 10.76332950592041, "eval/runtime": 0.4668, "eval/samples_per_second": 8.569, "eval/steps_per_second": 2.142, "train/epoch": 1.0, "train/global_step": 4, "_timestamp": 1706056960.6936116, "_runtime": 32.57606363296509, "_step": 11, "train/train_runtime": 5.6203, "train/train_samples_per_second": 0.712, "train/train_steps_per_second": 0.712, "train/total_flos": 3455678753406.0, "train/train_loss": 10.801801681518555, "_wandb": {"runtime": 92}}