{"train/loss": 2.2068, "train/learning_rate": 1.3979754304876225e-06, "train/epoch": 20.0, "train/global_step": 18220, "_timestamp": 1706898404.327425, "_runtime": 6781.174921989441, "_step": 57, "eval/loss": 2.369161605834961, "eval/runtime": 114.2208, "eval/samples_per_second": 8.781, "eval/steps_per_second": 1.103, "train/train_runtime": 6666.9623, "train/train_samples_per_second": 2.733, "train/train_steps_per_second": 2.733, "train/total_flos": 1.320429849337764e+16, "train/train_loss": 3.135339618435806, "_wandb": {"runtime": 6780}}