{"train/loss": 7.1015, "train/learning_rate": 0.0004416255335443646, "train/epoch": 20.0, "train/global_step": 18220, "_timestamp": 1706174303.1036162, "_runtime": 6727.807380199432, "_step": 57, "eval/loss": 7.217072010040283, "eval/runtime": 112.3239, "eval/samples_per_second": 8.93, "eval/steps_per_second": 1.122, "train/train_runtime": 6615.4858, "train/train_samples_per_second": 2.754, "train/train_steps_per_second": 2.754, "train/total_flos": 1.320429849337764e+16, "train/train_loss": 7.322422045174859, "_wandb": {"runtime": 6727}}