{"train/loss": 2.144, "train/learning_rate": 3.2557812906246033e-06, "train/epoch": 20.0, "train/global_step": 18220, "_timestamp": 1706243594.2712839, "_runtime": 7079.022529840469, "_step": 57, "eval/loss": 2.552910089492798, "eval/runtime": 119.411, "eval/samples_per_second": 8.4, "eval/steps_per_second": 1.055, "train/train_runtime": 6959.6189, "train/train_samples_per_second": 2.618, "train/train_steps_per_second": 2.618, "train/total_flos": 1.320429849337764e+16, "train/train_loss": 3.0304351806640626, "_wandb": {"runtime": 7078}}