{"eval/loss": 9.76784610748291, "eval/runtime": 0.4658, "eval/samples_per_second": 8.588, "eval/steps_per_second": 2.147, "train/epoch": 1.0, "train/global_step": 4, "_timestamp": 1705789860.230919, "_runtime": 4.48365592956543, "_step": 1, "train/train_runtime": 12.4955, "train/train_samples_per_second": 0.32, "train/train_steps_per_second": 0.32, "train/total_flos": 3455678753406.0, "train/train_loss": 11.710739135742188, "_wandb": {"runtime": 4}}