{"eval/loss": 13.323949813842773, "eval/runtime": 0.4666, "eval/samples_per_second": 8.573, "eval/steps_per_second": 2.143, "train/epoch": 1.0, "train/global_step": 4, "_timestamp": 1706065133.962396, "_runtime": 32.73489999771118, "_step": 11, "train/train_runtime": 5.1259, "train/train_samples_per_second": 0.78, "train/train_steps_per_second": 0.78, "train/total_flos": 3455678753406.0, "train/train_loss": 17.12876319885254, "_wandb": {"runtime": 92}}