{"eval/loss": 6.903861045837402, "eval/runtime": 0.4991, "eval/samples_per_second": 8.014, "eval/steps_per_second": 2.003, "train/epoch": 2.0, "train/global_step": 8, "_timestamp": 1706138065.0565984, "_runtime": 13.995198488235474, "_step": 3, "train/train_runtime": 13.5081, "train/train_samples_per_second": 0.592, "train/train_steps_per_second": 0.592, "train/total_flos": 6911357506812.0, "train/train_loss": 7.239943981170654, "_wandb": {"runtime": 13}}