{"eval/loss": 15.919530868530273, "eval/runtime": 0.4644, "eval/samples_per_second": 8.614, "eval/steps_per_second": 2.153, "train/epoch": 1.0, "train/global_step": 4, "_timestamp": 1706066908.5245502, "_runtime": 6.395033121109009, "_step": 2, "train/train_runtime": 5.9398, "train/train_samples_per_second": 0.673, "train/train_steps_per_second": 0.673, "train/total_flos": 3455678753406.0, "train/train_loss": 17.02629852294922, "_wandb": {"runtime": 6}}