{"train/loss": 2.194, "train/learning_rate": 1.3302249294411607e-06, "train/epoch": 20.0, "train/global_step": 18220, "_timestamp": 1706257654.583187, "_runtime": 7001.21212220192, "_step": 57, "eval/loss": 2.364912509918213, "eval/runtime": 114.5295, "eval/samples_per_second": 8.758, "eval/steps_per_second": 1.1, "train/train_runtime": 6886.7224, "train/train_samples_per_second": 2.646, "train/train_steps_per_second": 2.646, "train/total_flos": 1.320429849337764e+16, "train/train_loss": 3.1216723696460575, "_wandb": {"runtime": 7000}}