{"train/loss": 7.0788, "train/learning_rate": 1.7058596115994442e-05, "train/epoch": 20.0, "train/global_step": 18220, "_timestamp": 1706871276.9106581, "_runtime": 6747.693499088287, "_step": 57, "eval/loss": 7.180324077606201, "eval/runtime": 112.9122, "eval/samples_per_second": 8.883, "eval/steps_per_second": 1.116, "train/train_runtime": 6634.7899, "train/train_samples_per_second": 2.746, "train/train_steps_per_second": 2.746, "train/total_flos": 1.320429849337764e+16, "train/train_loss": 7.101607777232266, "_wandb": {"runtime": 6747}}