{"eval/loss": 8.009848594665527, "eval/runtime": 0.4606, "eval/samples_per_second": 8.684, "eval/steps_per_second": 2.171, "train/epoch": 1.0, "train/global_step": 4, "_timestamp": 1706056902.938932, "_runtime": 8.28587293624878, "_step": 2, "train/train_runtime": 9.2841, "train/train_samples_per_second": 0.431, "train/train_steps_per_second": 0.431, "train/total_flos": 3455678753406.0, "train/train_loss": 9.398784637451172, "_wandb": {"runtime": 7}}