{"eval/loss": 18.963176727294922, "eval/runtime": 0.4889, "eval/samples_per_second": 8.182, "eval/steps_per_second": 2.046, "train/epoch": 2.0, "train/global_step": 8, "_timestamp": 1706138256.5105631, "_runtime": 13.587568044662476, "_step": 3, "train/train_runtime": 13.1032, "train/train_samples_per_second": 0.611, "train/train_steps_per_second": 0.611, "train/total_flos": 6911357506812.0, "train/train_loss": 14.895394325256348, "_wandb": {"runtime": 13}}